number,apps,interface
1,exec_mg,ib
2,charac_is,eth
3,exec_lu,ipoib
4,exec_ep,ipoib
5,exec_lu,ipoib
6,exec_imb_memory,ib
7,exec_imb_CPU,ib
8,exec_intel,eth
9,exec_imb_CPU,ipoib
10,exec_sp,ib
11,exec_cg,ipoib
12,exec_lu,eth
13,exec_is,ib
14,exec_ft,ib
15,exec_ondes3d,eth
16,exec_bt,ipoib
17,exec_cg,eth
18,exec_ft,ib
19,exec_sp,ipoib
20,exec_ep,ib
21,exec_intel,eth
22,exec_imb_CPU,ipoib
23,exec_ft,ib
24,exec_ep,ipoib
25,exec_imb_CPU,ipoib
26,exec_bt,ib
27,exec_cg,ib
28,exec_cg,eth
29,exec_ft,ib
30,exec_bt,eth
31,exec_alya,ib
32,exec_ep,ipoib
33,exec_ondes3d,ipoib
34,exec_alya,ipoib
35,exec_imb_CPU,ib
36,exec_ft,ipoib
37,exec_lu,ib
38,exec_imb_memory,ipoib
39,exec_mg,ib
40,exec_lu,ib
41,exec_imb_memory,ib
42,exec_ep,ipoib
43,exec_imb_memory,ipoib
44,exec_lu,ipoib
45,exec_alya,ib
46,exec_imb_CPU,eth
47,exec_ep,ib
48,exec_cg,eth
49,charac_imb_memory,ib
50,exec_bt,eth
51,exec_is,ib
52,exec_ondes3d,eth
53,exec_ep,ipoib
54,exec_cg,ib
55,exec_mg,ib
56,exec_ft,ipoib
57,exec_mg,eth
58,exec_lu,ib
59,exec_alya,ipoib
60,exec_alya,eth
61,exec_intel,ipoib
62,exec_bt,ipoib
63,exec_imb_CPU,ipoib
64,exec_ft,eth
65,exec_imb_memory,eth
66,exec_imb_memory,ib
67,exec_mg,ib
68,exec_imb_memory,eth
69,exec_bt,ib
70,exec_intel,ipoib
71,exec_is,ipoib
72,exec_sp,ib
73,exec_imb_memory,ib
74,exec_ondes3d,ipoib
75,exec_lu,eth
76,exec_lu,eth
77,exec_ondes3d,eth
78,exec_alya,ipoib
79,exec_sp,ipoib
80,exec_mg,eth
81,exec_alya,ipoib
82,exec_bt,eth
83,exec_intel,ipoib
84,exec_cg,eth
85,exec_alya,eth
86,exec_intel,ib
87,exec_alya,eth
88,exec_sp,ipoib
89,exec_sp,ib
90,exec_imb_CPU,ib
91,exec_bt,ipoib
92,exec_lu,ib
93,exec_lu,eth
94,exec_sp,ipoib
95,exec_sp,eth
96,exec_sp,ib
97,exec_imb_CPU,eth
98,exec_ondes3d,ib
99,exec_is,eth
100,exec_bt,ipoib
101,exec_cg,eth
102,exec_cg,ipoib
103,exec_is,ipoib
104,exec_imb_memory,eth
105,exec_lu,ipoib
106,exec_intel,eth
107,exec_bt,eth
108,exec_intel,ipoib
109,exec_cg,ipoib
110,exec_mg,ipoib
111,exec_mg,ib
112,exec_imb_CPU,eth
113,exec_ft,eth
114,exec_ondes3d,ipoib
115,exec_ft,ipoib
116,exec_lu,ib
117,exec_mg,ib
118,exec_intel,eth
119,exec_ft,eth
120,exec_sp,ipoib
121,charac_imb_CPU,ipoib
122,exec_ondes3d,ipoib
123,exec_ep,eth
124,exec_ft,ipoib
125,exec_sp,ipoib
126,exec_bt,eth
127,exec_bt,eth
128,exec_imb_memory,ib
129,exec_ep,ipoib
130,exec_intel,ipoib
131,exec_ondes3d,ib
132,exec_cg,eth
133,exec_lu,ib
134,exec_lu,ipoib
135,exec_alya,ipoib
136,exec_alya,ib
137,exec_imb_memory,ipoib
138,exec_ft,eth
139,exec_bt,ipoib
140,exec_imb_CPU,ib
141,exec_imb_CPU,ipoib
142,exec_ep,eth
143,exec_sp,ib
144,exec_ep,eth
145,exec_ft,eth
146,exec_imb_memory,ipoib
147,exec_ft,ipoib
148,exec_ondes3d,ib
149,exec_alya,ib
150,exec_imb_CPU,eth
151,exec_lu,ipoib
152,exec_bt,ipoib
153,exec_sp,ipoib
154,exec_mg,eth
155,exec_is,ipoib
156,exec_ft,ipoib
157,exec_imb_CPU,ib
158,exec_is,ipoib
159,exec_lu,ib
160,exec_cg,eth
161,exec_imb_CPU,eth
162,exec_is,ib
163,exec_cg,ipoib
164,exec_lu,ib
165,exec_sp,ipoib
166,exec_imb_CPU,ib
167,exec_ep,eth
168,exec_imb_memory,ib
169,exec_mg,ipoib
170,exec_lu,ib
171,exec_is,eth
172,exec_sp,ipoib
173,charac_ft,ipoib
174,exec_ondes3d,eth
175,exec_ondes3d,ipoib
176,exec_sp,ib
177,exec_is,eth
178,exec_ondes3d,eth
179,exec_ondes3d,ib
180,exec_cg,ib
181,exec_ondes3d,ipoib
182,exec_ep,eth
183,exec_ep,ipoib
184,exec_ondes3d,eth
185,exec_ft,eth
186,exec_lu,ib
187,exec_sp,ib
188,exec_ep,ipoib
189,exec_lu,ib
190,exec_ondes3d,ipoib
191,exec_ep,ipoib
192,exec_bt,ib
193,exec_imb_CPU,ipoib
194,exec_is,ipoib
195,exec_lu,eth
196,exec_alya,eth
197,exec_intel,ib
198,exec_imb_memory,ipoib
199,exec_imb_memory,eth
200,exec_imb_memory,ipoib
201,exec_ondes3d,eth
202,exec_imb_CPU,ib
203,exec_imb_memory,ipoib
204,charac_mg,ipoib
205,exec_ft,ipoib
206,exec_is,ib
207,exec_imb_memory,ipoib
208,exec_cg,eth
209,exec_ft,ib
210,exec_cg,ib
211,exec_mg,ipoib
212,exec_mg,ib
213,exec_intel,ib
214,charac_cg,ib
215,exec_bt,ib
216,exec_mg,ib
217,exec_lu,ipoib
218,exec_is,ib
219,exec_ft,ipoib
220,exec_alya,eth
221,exec_sp,eth
222,exec_alya,eth
223,exec_sp,eth
224,exec_imb_CPU,eth
225,exec_sp,eth
226,exec_lu,eth
227,exec_cg,eth
228,exec_imb_memory,ib
229,exec_mg,eth
230,exec_sp,ib
231,exec_sp,eth
232,exec_ep,ib
233,exec_alya,ipoib
234,exec_mg,ipoib
235,exec_ondes3d,ipoib
236,exec_intel,eth
237,exec_imb_memory,ib
238,exec_is,ipoib
239,exec_alya,eth
240,exec_ondes3d,eth
241,exec_alya,ipoib
242,exec_is,eth
243,exec_cg,eth
244,exec_bt,ipoib
245,exec_intel,eth
246,exec_bt,ipoib
247,exec_ep,ipoib
248,exec_ep,ib
249,exec_cg,ib
250,exec_cg,ib
251,exec_alya,ipoib
252,exec_ondes3d,ib
253,exec_cg,ipoib
254,exec_ep,ipoib
255,exec_lu,ib
256,exec_bt,eth
257,exec_intel,ib
258,exec_is,eth
259,exec_imb_CPU,ipoib
260,exec_ft,eth
261,exec_alya,ipoib
262,exec_is,ib
263,exec_ep,ib
264,exec_ep,ib
265,exec_sp,ipoib
266,exec_bt,ib
267,exec_imb_memory,ipoib
268,exec_lu,eth
269,exec_intel,eth
270,exec_lu,ipoib
271,exec_cg,ipoib
272,charac_mg,ib
273,exec_lu,ipoib
274,exec_cg,eth
275,exec_ondes3d,ib
276,exec_ft,ib
277,exec_is,eth
278,exec_bt,ipoib
279,exec_cg,ib
280,exec_imb_CPU,eth
281,exec_bt,eth
282,exec_cg,ib
283,exec_sp,ipoib
284,exec_ondes3d,eth
285,exec_ep,eth
286,exec_mg,ib
287,exec_bt,ib
288,exec_ondes3d,ipoib
289,exec_ep,ib
290,exec_is,ipoib
291,exec_is,ib
292,exec_intel,ib
293,exec_imb_CPU,ipoib
294,exec_sp,eth
295,exec_bt,ipoib
296,exec_cg,eth
297,exec_ep,ib
298,exec_alya,ipoib
299,exec_mg,ib
300,exec_bt,eth
301,exec_mg,eth
302,exec_alya,ib
303,exec_intel,ib
304,exec_mg,eth
305,exec_sp,eth
306,exec_lu,eth
307,exec_intel,eth
308,exec_sp,eth
309,exec_intel,ipoib
310,exec_ondes3d,ib
311,exec_imb_memory,ipoib
312,exec_ft,ib
313,exec_imb_memory,ipoib
314,exec_ep,ib
315,exec_cg,ipoib
316,exec_imb_CPU,eth
317,exec_lu,ib
318,exec_is,ib
319,exec_bt,ipoib
320,exec_alya,eth
321,exec_lu,ib
322,exec_ep,eth
323,exec_imb_CPU,ib
324,exec_lu,eth
325,exec_ft,eth
326,exec_sp,eth
327,exec_ondes3d,ipoib
328,exec_mg,ib
329,exec_alya,eth
330,exec_imb_CPU,eth
331,charac_sp,ib
332,exec_lu,ipoib
333,exec_ep,ib
334,exec_mg,ib
335,exec_alya,ipoib
336,exec_cg,ib
337,exec_imb_memory,eth
338,exec_is,ipoib
339,charac_ft,ib
340,exec_sp,ipoib
341,exec_imb_CPU,eth
342,exec_sp,eth
343,exec_cg,ipoib
344,exec_lu,ib
345,exec_imb_CPU,ipoib
346,exec_mg,eth
347,exec_ep,ib
348,exec_bt,ib
349,exec_ep,eth
350,exec_bt,ipoib
351,exec_imb_CPU,ib
352,exec_sp,ib
353,exec_mg,ib
354,exec_imb_memory,ipoib
355,exec_alya,ib
356,exec_sp,ib
357,exec_cg,ipoib
358,charac_intel,ib
359,exec_ep,eth
360,exec_imb_memory,eth
361,exec_imb_CPU,ib
362,exec_is,ipoib
363,exec_is,ipoib
364,exec_ft,eth
365,exec_is,ib
366,exec_ft,eth
367,exec_ep,ipoib
368,exec_intel,ib
369,exec_is,ipoib
370,exec_alya,eth
371,exec_imb_memory,eth
372,exec_ft,ipoib
373,exec_ondes3d,eth
374,exec_imb_memory,eth
375,exec_bt,ipoib
376,exec_imb_CPU,ib
377,exec_lu,eth
378,exec_sp,ib
379,exec_sp,eth
380,exec_ep,eth
381,exec_intel,ib
382,exec_alya,ib
383,exec_sp,ipoib
384,exec_ft,ipoib
385,exec_mg,eth
386,exec_sp,ipoib
387,exec_cg,ib
388,exec_intel,eth
389,exec_imb_memory,eth
390,exec_mg,ib
391,exec_sp,eth
392,exec_lu,eth
393,exec_lu,ipoib
394,exec_lu,ib
395,exec_lu,eth
396,exec_ep,ipoib
397,exec_sp,eth
398,exec_imb_CPU,eth
399,exec_is,ib
400,exec_bt,eth
401,exec_sp,ipoib
402,exec_mg,ib
403,charac_alya,ipoib
404,exec_is,eth
405,exec_mg,ipoib
406,exec_ondes3d,ipoib
407,exec_ft,ib
408,exec_cg,ipoib
409,exec_sp,eth
410,exec_is,ib
411,exec_bt,eth
412,exec_sp,eth
413,exec_cg,eth
414,exec_sp,eth
415,exec_alya,ipoib
416,exec_intel,eth
417,exec_ft,ib
418,exec_cg,ipoib
419,exec_intel,eth
420,exec_ft,eth
421,exec_bt,ib
422,exec_bt,eth
423,exec_alya,eth
424,exec_ondes3d,ipoib
425,exec_ondes3d,ib
426,exec_ft,ipoib
427,exec_ft,eth
428,exec_mg,eth
429,exec_intel,eth
430,exec_bt,ib
431,exec_imb_CPU,eth
432,exec_ep,ipoib
433,exec_ondes3d,ipoib
434,exec_alya,ipoib
435,charac_imb_CPU,eth
436,exec_lu,eth
437,exec_mg,ib
438,exec_bt,ipoib
439,exec_imb_CPU,ipoib
440,exec_imb_CPU,eth
441,exec_imb_memory,ipoib
442,exec_intel,ib
443,exec_ft,eth
444,exec_is,eth
445,exec_ft,eth
446,exec_cg,ipoib
447,exec_ondes3d,eth
448,exec_ondes3d,eth
449,exec_imb_CPU,eth
450,exec_intel,ipoib
451,exec_intel,eth
452,exec_ondes3d,ib
453,exec_lu,eth
454,exec_is,ipoib
455,exec_intel,ipoib
456,exec_ep,ib
457,exec_ondes3d,eth
458,exec_sp,ipoib
459,exec_mg,ib
460,exec_imb_CPU,ib
461,exec_is,eth
462,exec_mg,eth
463,exec_imb_memory,eth
464,exec_alya,ib
465,exec_imb_CPU,ipoib
466,exec_imb_memory,ib
467,exec_is,eth
468,exec_is,eth
469,exec_cg,ipoib
470,exec_mg,ipoib
471,exec_ondes3d,ipoib
472,exec_intel,ipoib
473,exec_alya,ib
474,exec_cg,ipoib
475,exec_ft,ipoib
476,exec_is,ipoib
477,exec_lu,eth
478,exec_ep,eth
479,exec_mg,eth
480,exec_ondes3d,eth
481,exec_imb_CPU,ib
482,exec_bt,eth
483,exec_ep,eth
484,exec_mg,eth
485,charac_is,ipoib
486,exec_is,eth
487,exec_intel,eth
488,exec_ft,ib
489,exec_intel,ipoib
490,exec_alya,eth
491,exec_is,ib
492,charac_ep,ib
493,exec_is,eth
494,exec_alya,eth
495,exec_imb_CPU,eth
496,exec_ondes3d,eth
497,exec_lu,ipoib
498,exec_sp,ib
499,exec_imb_CPU,ib
500,exec_sp,eth
501,exec_ft,ib
502,exec_alya,eth
503,exec_ep,ipoib
504,exec_cg,eth
505,exec_bt,ib
506,exec_is,eth
507,exec_ondes3d,ib
508,exec_imb_CPU,ipoib
509,exec_bt,ipoib
510,exec_mg,eth
511,exec_alya,ib
512,exec_intel,eth
513,exec_cg,ipoib
514,exec_intel,ipoib
515,exec_intel,ib
516,exec_imb_memory,eth
517,exec_mg,ib
518,exec_cg,ib
519,exec_ondes3d,ib
520,exec_ondes3d,ib
521,exec_imb_CPU,eth
522,exec_ondes3d,ipoib
523,exec_alya,ipoib
524,exec_ep,eth
525,exec_mg,eth
526,exec_bt,ib
527,charac_ondes3d,eth
528,exec_ep,eth
529,exec_mg,ipoib
530,exec_sp,ib
531,exec_ft,ib
532,exec_ondes3d,ipoib
533,exec_is,eth
534,exec_ep,ib
535,exec_imb_memory,eth
536,exec_ep,ipoib
537,exec_cg,ib
538,exec_bt,ipoib
539,exec_lu,ipoib
540,exec_intel,ipoib
541,exec_alya,ipoib
542,exec_ft,ib
543,exec_ondes3d,eth
544,exec_lu,eth
545,exec_imb_memory,eth
546,exec_is,ib
547,exec_lu,eth
548,exec_mg,ib
549,exec_alya,eth
550,exec_ep,ib
551,exec_lu,ipoib
552,exec_imb_memory,eth
553,exec_ft,ipoib
554,exec_imb_CPU,eth
555,exec_is,ipoib
556,exec_is,ib
557,exec_ondes3d,ib
558,exec_imb_CPU,eth
559,exec_mg,ipoib
560,exec_bt,ib
561,exec_ondes3d,ipoib
562,exec_ep,eth
563,exec_mg,ipoib
564,exec_cg,ipoib
565,exec_imb_memory,eth
566,exec_imb_memory,ib
567,exec_ft,eth
568,exec_lu,eth
569,exec_intel,ipoib
570,exec_lu,ipoib
571,exec_imb_memory,eth
572,exec_intel,ipoib
573,exec_ep,ib
574,exec_intel,ipoib
575,charac_ep,ipoib
576,exec_ft,ib
577,exec_ep,ib
578,exec_sp,eth
579,exec_lu,ipoib
580,exec_alya,ipoib
581,exec_alya,ipoib
582,exec_ondes3d,ipoib
583,exec_imb_memory,ipoib
584,exec_ondes3d,ipoib
585,exec_bt,eth
586,exec_mg,ipoib
587,exec_ep,ib
588,exec_is,eth
589,exec_is,ipoib
590,exec_imb_memory,ipoib
591,exec_ondes3d,eth
592,exec_imb_memory,ipoib
593,exec_imb_CPU,eth
594,exec_ep,eth
595,exec_imb_memory,ipoib
596,exec_ondes3d,ib
597,exec_sp,ipoib
598,exec_imb_memory,ib
599,exec_imb_CPU,eth
600,exec_ondes3d,eth
601,exec_imb_CPU,ib
602,exec_ft,ipoib
603,exec_ft,eth
604,exec_ondes3d,ipoib
605,exec_imb_memory,eth
606,exec_intel,eth
607,exec_mg,ipoib
608,exec_ft,ipoib
609,exec_is,ib
610,exec_imb_CPU,ib
611,exec_ft,ib
612,exec_alya,eth
613,exec_lu,eth
614,exec_lu,ib
615,exec_sp,ib
616,exec_intel,ib
617,exec_imb_CPU,eth
618,exec_intel,ipoib
619,exec_imb_memory,eth
620,exec_imb_memory,ib
621,exec_sp,ib
622,exec_intel,ipoib
623,exec_ft,ib
624,exec_alya,ipoib
625,exec_ft,ipoib
626,exec_is,ipoib
627,exec_sp,ib
628,exec_cg,eth
629,exec_ft,ipoib
630,exec_intel,ib
631,exec_is,eth
632,exec_intel,eth
633,exec_lu,ib
634,exec_alya,ib
635,exec_intel,eth
636,exec_cg,ipoib
637,exec_sp,eth
638,exec_mg,eth
639,exec_intel,ipoib
640,exec_imb_memory,eth
641,exec_ft,eth
642,exec_lu,eth
643,exec_imb_CPU,ipoib
644,exec_is,eth
645,exec_ondes3d,eth
646,exec_imb_CPU,eth
647,exec_cg,eth
648,exec_mg,eth
649,exec_ep,ipoib
650,exec_imb_CPU,ib
651,exec_bt,ib
652,exec_mg,ib
653,exec_bt,eth
654,exec_intel,eth
655,exec_ondes3d,ipoib
656,exec_imb_memory,ipoib
657,exec_is,ib
658,exec_intel,ipoib
659,exec_is,ib
660,exec_mg,ipoib
661,exec_mg,eth
662,exec_bt,eth
663,exec_cg,ib
664,exec_ft,ipoib
665,exec_cg,ib
666,exec_sp,eth
667,exec_lu,ib
668,exec_intel,eth
669,exec_is,eth
670,exec_imb_memory,eth
671,exec_sp,ib
672,exec_ft,ipoib
673,exec_imb_CPU,ipoib
674,exec_intel,ib
675,exec_alya,ipoib
676,exec_imb_memory,ipoib
677,exec_ondes3d,eth
678,exec_imb_memory,ib
679,exec_lu,ipoib
680,exec_imb_memory,eth
681,exec_ft,eth
682,exec_lu,ib
683,exec_bt,ib
684,charac_imb_memory,ipoib
685,exec_lu,ib
686,exec_bt,eth
687,exec_alya,ib
688,exec_lu,ib
689,exec_lu,ib
690,exec_cg,ib
691,exec_is,ipoib
692,exec_ep,eth
693,exec_mg,ib
694,exec_imb_memory,ipoib
695,exec_ft,ipoib
696,exec_intel,ipoib
697,exec_ft,ipoib
698,exec_mg,eth
699,exec_alya,ipoib
700,exec_lu,ib
701,exec_imb_CPU,ipoib
702,exec_intel,ib
703,exec_mg,ipoib
704,exec_ft,ib
705,exec_ondes3d,ib
706,exec_intel,eth
707,exec_sp,eth
708,exec_is,eth
709,exec_imb_memory,ipoib
710,exec_ft,eth
711,exec_is,ipoib
712,exec_ep,ipoib
713,exec_bt,ipoib
714,exec_alya,ipoib
715,exec_alya,ib
716,exec_cg,eth
717,exec_ft,ipoib
718,exec_imb_CPU,ipoib
719,exec_is,ipoib
720,exec_mg,ipoib
721,exec_cg,ib
722,exec_cg,eth
723,exec_ep,ib
724,exec_ondes3d,ib
725,exec_ondes3d,ipoib
726,exec_lu,ipoib
727,exec_imb_memory,ib
728,exec_ep,eth
729,exec_ep,ib
730,exec_bt,eth
731,exec_cg,eth
732,exec_lu,eth
733,exec_alya,ib
734,exec_cg,ipoib
735,exec_imb_CPU,ipoib
736,exec_ft,ipoib
737,exec_is,ipoib
738,exec_mg,ipoib
739,exec_ft,eth
740,exec_sp,ib
741,exec_ondes3d,ib
742,exec_sp,eth
743,exec_imb_CPU,eth
744,exec_bt,ib
745,exec_ft,eth
746,exec_alya,ipoib
747,exec_mg,ib
748,exec_bt,ipoib
749,exec_mg,ipoib
750,exec_is,ipoib
751,exec_bt,ib
752,exec_ep,eth
753,exec_mg,ipoib
754,exec_lu,ipoib
755,exec_cg,eth
756,exec_lu,ipoib
757,exec_cg,ib
758,exec_is,ib
759,exec_sp,eth
760,charac_ep,eth
761,exec_cg,ib
762,exec_bt,eth
763,exec_alya,eth
764,exec_cg,ib
765,exec_imb_memory,ib
766,charac_bt,eth
767,exec_ft,eth
768,exec_alya,eth
769,exec_sp,ib
770,exec_mg,eth
771,exec_imb_CPU,ib
772,exec_intel,ipoib
773,exec_is,eth
774,exec_imb_memory,eth
775,exec_sp,ib
776,exec_cg,ipoib
777,exec_is,ipoib
778,exec_sp,eth
779,exec_ondes3d,eth
780,exec_intel,eth
781,exec_cg,eth
782,exec_imb_memory,ipoib
783,exec_ondes3d,ipoib
784,exec_ft,eth
785,exec_intel,ib
786,exec_bt,ipoib
787,exec_alya,ib
788,charac_imb_memory,eth
789,exec_alya,eth
790,exec_intel,ib
791,exec_ondes3d,ib
792,exec_lu,eth
793,exec_ep,eth
794,exec_imb_CPU,ib
795,exec_bt,ib
796,exec_is,eth
797,exec_mg,ib
798,exec_imb_CPU,ib
799,charac_alya,ib
800,exec_is,ib
801,exec_ep,ib
802,exec_lu,ib
803,exec_imb_memory,ipoib
804,exec_cg,ib
805,exec_alya,eth
806,exec_ondes3d,eth
807,exec_ep,ib
808,exec_ft,ipoib
809,exec_imb_CPU,ib
810,exec_imb_CPU,eth
811,exec_bt,eth
812,exec_cg,ipoib
813,exec_imb_CPU,ipoib
814,exec_ep,ipoib
815,exec_bt,ipoib
816,exec_ep,ib
817,exec_is,eth
818,exec_intel,ib
819,exec_alya,ib
820,exec_imb_memory,ib
821,exec_intel,ib
822,exec_imb_memory,eth
823,exec_bt,ib
824,exec_mg,eth
825,exec_is,eth
826,exec_cg,eth
827,exec_imb_CPU,eth
828,exec_is,ipoib
829,exec_mg,ipoib
830,exec_imb_CPU,eth
831,exec_ft,eth
832,exec_alya,ipoib
833,charac_lu,eth
834,exec_intel,ipoib
835,exec_alya,ib
836,exec_lu,eth
837,charac_sp,eth
838,exec_bt,eth
839,exec_mg,ib
840,exec_bt,ib
841,exec_sp,ipoib
842,exec_cg,eth
843,exec_alya,eth
844,exec_sp,ipoib
845,exec_sp,ib
846,exec_alya,ipoib
847,charac_ondes3d,ib
848,exec_ep,eth
849,exec_cg,ipoib
850,exec_imb_memory,ipoib
851,exec_bt,ipoib
852,exec_ondes3d,ipoib
853,exec_lu,ipoib
854,exec_is,ipoib
855,exec_alya,eth
856,exec_imb_memory,eth
857,charac_cg,eth
858,exec_intel,eth
859,exec_mg,eth
860,exec_mg,eth
861,exec_intel,ipoib
862,exec_imb_CPU,ipoib
863,exec_bt,eth
864,exec_lu,eth
865,exec_imb_memory,ipoib
866,exec_ondes3d,ipoib
867,exec_imb_CPU,eth
868,exec_intel,ib
869,exec_bt,ipoib
870,exec_is,eth
871,exec_bt,ipoib
872,exec_cg,ib
873,exec_lu,ipoib
874,exec_intel,ipoib
875,exec_ft,ib
876,exec_bt,eth
877,exec_intel,eth
878,exec_intel,ib
879,exec_cg,ipoib
880,exec_intel,ib
881,exec_bt,eth
882,exec_ft,ib
883,charac_sp,ipoib
884,exec_alya,eth
885,exec_cg,eth
886,exec_imb_memory,ipoib
887,exec_cg,ib
888,exec_ondes3d,ipoib
889,exec_alya,ib
890,exec_intel,ib
891,exec_mg,ib
892,exec_imb_memory,ipoib
893,exec_ep,eth
894,exec_lu,ib
895,exec_imb_memory,ipoib
896,exec_lu,ipoib
897,exec_ft,ib
898,exec_ep,ib
899,exec_ft,ipoib
900,exec_ep,eth
901,charac_is,ib
902,exec_intel,ipoib
903,exec_sp,ipoib
904,exec_cg,eth
905,exec_ft,ipoib
906,exec_bt,ipoib
907,exec_imb_memory,ipoib
908,exec_imb_CPU,ipoib
909,exec_sp,ib
910,exec_ondes3d,eth
911,exec_intel,ipoib
912,exec_imb_CPU,ib
913,exec_sp,ipoib
914,exec_mg,eth
915,exec_cg,ib
916,exec_alya,ipoib
917,exec_mg,ipoib
918,exec_lu,ipoib
919,exec_cg,eth
920,exec_cg,ipoib
921,exec_ondes3d,eth
922,exec_ep,ipoib
923,exec_alya,ib
924,exec_ep,ib
925,exec_bt,ipoib
926,exec_cg,ib
927,exec_sp,eth
928,exec_is,ib
929,exec_ep,ipoib
930,exec_lu,ipoib
931,exec_cg,ipoib
932,exec_mg,ipoib
933,exec_lu,ib
934,exec_sp,ib
935,exec_lu,ib
936,charac_bt,ipoib
937,exec_sp,ipoib
938,exec_bt,ipoib
939,exec_imb_memory,ib
940,exec_cg,ib
941,exec_ondes3d,ib
942,exec_sp,eth
943,exec_ep,ib
944,exec_sp,ib
945,exec_mg,ib
946,exec_intel,eth
947,exec_imb_CPU,ib
948,exec_bt,ib
949,exec_sp,ipoib
950,exec_ep,ipoib
951,exec_ondes3d,ib
952,charac_bt,ib
953,exec_cg,ipoib
954,exec_intel,ib
955,exec_bt,ib
956,exec_alya,eth
957,exec_alya,eth
958,exec_alya,ib
959,exec_ep,ib
960,exec_imb_memory,ipoib
961,exec_ep,ipoib
962,exec_alya,ib
963,exec_bt,ib
964,exec_imb_CPU,ib
965,exec_ft,ib
966,exec_mg,eth
967,exec_imb_memory,eth
968,exec_ondes3d,ipoib
969,exec_bt,eth
970,exec_intel,eth
971,exec_ep,ipoib
972,exec_imb_CPU,eth
973,exec_ondes3d,eth
974,exec_ft,ib
975,exec_mg,ib
976,exec_ondes3d,ipoib
977,exec_cg,ib
978,exec_ondes3d,ib
979,exec_ft,ib
980,exec_alya,ib
981,exec_alya,ipoib
982,exec_ep,ipoib
983,exec_bt,ib
984,exec_imb_memory,ib
985,exec_bt,ib
986,exec_bt,ipoib
987,exec_mg,ib
988,exec_ft,eth
989,exec_cg,eth
990,exec_mg,ib
991,exec_is,ipoib
992,exec_ft,ib
993,exec_lu,ipoib
994,exec_ft,ib
995,exec_ondes3d,ib
996,exec_intel,ib
997,exec_alya,ipoib
998,exec_intel,ipoib
999,exec_imb_memory,ib
1000,exec_intel,ib
1001,exec_imb_memory,ib
1002,exec_imb_CPU,ipoib
1003,exec_lu,ipoib
1004,exec_alya,eth
1005,exec_ep,eth
1006,exec_sp,ib
1007,exec_lu,ipoib
1008,exec_intel,eth
1009,exec_ep,ib
1010,exec_ondes3d,eth
1011,exec_ondes3d,ib
1012,exec_bt,ib
1013,exec_bt,eth
1014,exec_is,ipoib
1015,exec_sp,ib
1016,exec_intel,eth
1017,exec_intel,ipoib
1018,exec_cg,ipoib
1019,exec_cg,ib
1020,exec_sp,ipoib
1021,exec_is,ib
1022,exec_mg,eth
1023,exec_bt,ib
1024,exec_imb_memory,ib
1025,exec_ft,ib
1026,exec_ft,eth
1027,exec_is,ib
1028,exec_sp,eth
1029,charac_alya,eth
1030,exec_imb_CPU,ipoib
1031,exec_sp,ib
1032,exec_cg,ipoib
1033,exec_is,ib
1034,exec_bt,ib
1035,exec_imb_memory,ib
1036,exec_ft,ipoib
1037,exec_imb_CPU,ipoib
1038,exec_lu,eth
1039,exec_imb_CPU,ib
1040,exec_mg,ipoib
1041,exec_imb_memory,ib
1042,exec_ft,eth
1043,exec_mg,ipoib
1044,exec_sp,ipoib
1045,exec_bt,ipoib
1046,exec_alya,ipoib
1047,exec_imb_CPU,ib
1048,exec_mg,eth
1049,exec_intel,ipoib
1050,exec_alya,ib
1051,exec_is,ib
1052,exec_mg,eth
1053,exec_bt,eth
1054,exec_imb_memory,eth
1055,exec_imb_memory,ib
1056,exec_ondes3d,eth
1057,exec_sp,ipoib
1058,exec_is,ipoib
1059,exec_sp,ipoib
1060,exec_bt,ib
1061,exec_sp,ib
1062,exec_ft,eth
1063,exec_mg,eth
1064,exec_cg,ipoib
1065,exec_ondes3d,ib
1066,exec_ep,ipoib
1067,exec_is,ipoib
1068,exec_alya,eth
1069,exec_cg,ipoib
1070,exec_ft,ipoib
1071,exec_ep,eth
1072,exec_ondes3d,ipoib
1073,exec_mg,ipoib
1074,exec_cg,ipoib
1075,exec_intel,eth
1076,exec_imb_CPU,ib
1077,exec_imb_memory,eth
1078,charac_lu,ipoib
1079,exec_ondes3d,ib
1080,exec_lu,eth
1081,exec_intel,ipoib
1082,exec_is,eth
1083,exec_lu,ib
1084,exec_sp,ipoib
1085,exec_mg,ipoib
1086,exec_alya,ib
1087,exec_is,ib
1088,exec_cg,ib
1089,exec_imb_CPU,eth
1090,exec_ondes3d,eth
1091,charac_imb_CPU,ib
1092,exec_imb_memory,ib
1093,exec_sp,ib
1094,exec_imb_CPU,ib
1095,exec_lu,eth
1096,exec_cg,eth
1097,exec_sp,eth
1098,exec_sp,ipoib
1099,exec_alya,eth
1100,exec_is,eth
1101,exec_cg,eth
1102,exec_imb_memory,eth
1103,exec_lu,eth
1104,exec_sp,eth
1105,exec_ft,ib
1106,exec_sp,ipoib
1107,exec_mg,ib
1108,exec_imb_CPU,ipoib
1109,exec_imb_memory,ib
1110,exec_ep,ipoib
1111,exec_mg,ipoib
1112,exec_ondes3d,ib
1113,exec_lu,ipoib
1114,exec_alya,ib
1115,exec_bt,ib
1116,exec_ondes3d,eth
1117,charac_mg,eth
1118,exec_ondes3d,ipoib
1119,exec_cg,ib
1120,exec_cg,eth
1121,exec_intel,ib
1122,exec_imb_CPU,ipoib
1123,exec_bt,ib
1124,exec_ep,ipoib
1125,exec_ep,ipoib
1126,exec_lu,ib
1127,exec_imb_CPU,ib
1128,exec_ep,eth
1129,charac_intel,ipoib
1130,exec_imb_CPU,ipoib
1131,exec_mg,ipoib
1132,charac_cg,ipoib
1133,exec_ep,ib
1134,exec_intel,ib
1135,exec_ft,eth
1136,exec_ep,ib
1137,exec_bt,eth
1138,exec_imb_CPU,ipoib
1139,charac_intel,eth
1140,exec_ep,eth
1141,exec_lu,ipoib
1142,exec_ft,ib
1143,exec_ep,ipoib
1144,exec_ft,ipoib
1145,exec_imb_memory,ib
1146,exec_ft,ib
1147,exec_is,eth
1148,exec_mg,ipoib
1149,exec_alya,ipoib
1150,exec_ondes3d,eth
1151,exec_ft,eth
1152,exec_ondes3d,ib
1153,exec_imb_CPU,ipoib
1154,exec_ondes3d,ib
1155,charac_ondes3d,ipoib
1156,exec_is,ib
1157,exec_bt,ipoib
1158,exec_intel,ib
1159,exec_is,ib
1160,exec_imb_CPU,eth
1161,exec_mg,eth
1162,exec_ep,eth
1163,exec_imb_memory,eth
1164,exec_ft,ipoib
1165,exec_imb_memory,eth
1166,exec_intel,ib
1167,exec_ondes3d,ib
1168,exec_bt,eth
1169,exec_alya,eth
1170,exec_imb_memory,ib
1171,exec_intel,eth
1172,exec_intel,ib
1173,exec_is,ib
1174,exec_imb_CPU,ipoib
1175,exec_mg,ipoib
1176,exec_imb_memory,ib
1177,exec_cg,ib
1178,exec_imb_CPU,ib
1179,exec_is,ipoib
1180,exec_is,ib
1181,exec_alya,ipoib
1182,exec_imb_CPU,ipoib
1183,exec_is,eth
1184,exec_bt,ipoib
1185,exec_alya,eth
1186,exec_imb_memory,ib
1187,exec_ep,ib
1188,charac_ft,eth
1189,exec_mg,ipoib
1190,exec_alya,ib
1191,exec_alya,ib
1192,exec_ep,eth
1193,exec_sp,eth
1194,exec_ep,eth
1195,exec_lu,eth
1196,exec_sp,ib
1197,exec_is,ib
1198,exec_mg,eth
1199,exec_ft,ib
1200,exec_alya,ib
1201,exec_alya,ib
1202,exec_bt,eth
1203,charac_lu,ib
1204,exec_is,eth
1205,exec_is,ipoib
1206,exec_alya,ib
1207,exec_mg,ipoib
1208,exec_ondes3d,ib
1209,exec_lu,eth
